cullinwible,@traderstewie Comparing the flu to the #coronavirus is like comparing today‚Äôs market moves to those of 1929 on a po‚Ä¶ https://t.co/ufdwcsDBQJ,0.0,40.0757384,-74.4041622
Dizzedcom,"Coronavirus updates: Deaths pass 3,000, half of infected now recovered ‚Äì¬†CNET https://t.co/ZHvfdrEYKK",-0.16666666666666666,40.7127281,-74.0060152
EntwistleF,G7 finance ministers plan call on coronavirus | Power &amp; Politics https://t.co/wukVro8wk0 via @YouTube,0.0,50.000678,-86.000977
newsfilterio,Cruise line stocks fall as coronavirus cases in U.S. increase $CCL $RCL $NCLH https://t.co/D02kfZFMFd,0.0,40.7127281,-74.0060152
lame_uhl,don‚Äôt wash your hands because you‚Äôre afraid of coronavirus. wash your hands because you‚Äôre an adult.,-0.25,32.3293809,-83.1137366
EastIslipPatch,"Also: Rare snowy owl spotted / Coronavirus cancels school trip / Woman killed helping others / Child, 11, dies ice-‚Ä¶ https://t.co/mKCBFKq2iP",0.04999999999999999,40.7320819,-73.1883301
eastvillagetwt,"NYC doctor has to 'plead' with health department to test for coronavirus

‚ÄúWe‚Äôve already moved from containment to‚Ä¶ https://t.co/qoYojpSdqr",0.0,40.7292688,-73.9873613
jamiaw,Coronavirus forces MTA to give the subway a thorough disinfectant cleaning https://t.co/XL0s084u8Q,0.0,-1.2914657,36.7830783
GuardianAus,The first economic modelling of coronavirus scenarios is grim for the world | Warwick McKibbon and Roshen Fernando‚Ä¶ https://t.co/ZD9nB3ntMk,-0.18333333333333335,-24.7761086,134.755
jobinindia,Uber tells drivers to stay home if they have the coronavirus #Futurism via https://t.co/pwflzXoNUd https://t.co/MAyQntJHib,0.0,43.653963,-79.387207
RealTwitish,"@KitkatBunz ""All pets of people in Hong Kong infected with the coronavirus will be quarantined,..."" https://t.co/gLhthggDw7",0.0,36.7014631,-118.7559974
realhumanrights,"#USA #COVID19 #Coronavirus cases confirmed / presumptive positive in #Washington State, #Oregon, #California,‚Ä¶ https://t.co/yQ6LHvuzz4",0.31363636363636366,38.8948932,-77.0365529
DrJenniferCreed,Pet dog in Hong Kong tests weak positive for coronavirus https://t.co/MYWXA3pMuN,-0.07386363636363637,40.0796606,-89.4337288
runderrickbean,NHL looking at possiblity of playing in empty arenas due to coronavirus. Maybe the Red Wings have just been proactive this year. üò¨,-0.075,39.9368363,-120.9471764
JohnForberger,"I heard tomorrow is cancelled because of #coronavirus.

Can anyone in the UK or APAC verify? 

-guy in EST at 9:52 p.m.",0.0,25.7742658,-80.1936589
podc,"Elizabeth Warren on Mike Pence leading the coronavirus response: ""I cannot think of a worse person."". https://t.co/IvDAw3Srd1",-0.4,40.7127281,-74.0060152
NYCLU,We need to move quickly to fund and support a public health response to the coronavirus. But a significant expansio‚Ä¶ https://t.co/t2MvKW9wvJ,0.23611111111111108,40.7127281,-74.0060152
HEKsROCKS101091,Dictatorships Are Making the Coronavirus Outbreak Worse - WIRED https://t.co/JNsAoM5bMi,-0.4,40.7127281,-74.0060152
AliEhsassi,Travellers from Iran asked to self-isolate for 14 days after arriving in Canada | CBC News https://t.co/LQF3rvRleY,0.0,43.653963,-79.387207
skulIhong_,"Coronavirus Could Spread in U.S. Because People May Be Put Off by Cost of Testing and Treatment, Doctor Warns  https://t.co/UZ8yGFg6BB",0.0,40.7127281,-74.0060152
CityLifeLove,Literally I watched all 3 hours of the today show and most of it was coronavirus stories.,0.5,39.100105,-94.5781416
michaelduffin,"Despite concerns about coronavirus, @sxsw will continue as planned (presumably with fewer hugs and handshakes).
https://t.co/0sYBKmSZ8V",0.0,38.8948932,-77.0365529
miranda_baddie,Y‚Äôall have GOT to stop with this coronavirus bullshit this ain‚Äôt plague inc,0.0,32.0809263,-81.0911768
DJDARKKNYGHT,Coronavirus my save my ass from taking this damn test on Thursday. I‚Äôm hoping I get a cold so that I can miss class,-0.6,41.7962409,-71.5992372
MrsStewcifer,Hey #KAG2020 watch this. It's all about your man @realDonaldTrump. #coronavirus https://t.co/wYD8ORHPqS,0.0,31.8160381,-99.5120986
FirstMainDesign,"Redmond, Washington, declares state of emergency amid coronavirus concerns https://t.co/cwodEkSiug",0.0,39.7837304,-100.4458825
GenieJeanJ,@GovMikeHuckabee Why isn't Trump sucking the CoronaVirus out of Americans?,0.0,39.7837304,-100.4458825
bren2915,New York City doctor says he has to ‚Äòplead to test people‚Äô for coronavirus https://t.co/FQxwrfBurC,0.13636363636363635,39.7837304,-100.4458825
API_VERACRUZ,COVID-19               https://t.co/KJRiVCOqKO,0.0,19.333333,-96.666667
TinaStitzer,@realDonaldTrump The flu vaccine will NOT work on the coronavirus COVID 9 because it is NOT the flu!!!!!!!! Get act‚Ä¶ https://t.co/PjI4KAjX3W,0.0,26.02322025,-80.34123906625615
PublishingCopy,"Yeah honey its me.. @JaMorant 
https://t.co/ZRpTxnIlRz https://t.co/MxhaOZ06om",0.0,35.1490215,-90.0516285
MiddleSeatView,Looking forward to landing at ‚Å¶@FlyTPA‚Å© Wednesday! Perhaps I should bring some mini-vodkas for my airport friends  https://t.co/ucAQ5DRyRO,0.0,38.8948932,-77.0365529
AdriaIrahetaTV,"Currently doing this. 0/10 would not recommend. 
Also, it‚Äôs crazy how eerily similar this movie is to everything th‚Ä¶ https://t.co/xBh4Rdb3Gz",-0.19999999999999998,27.9477595,-82.458444
IkyTech,Do face masks work? Medical experts explain how to protect yourself from coronavirus https://t.co/Uh0EJSqWHl,0.0,40.0024435,-105.10957997730037
torbor_n,"See health official quickly correct what Trump said
https://t.co/FtgIHqDxDw",0.3333333333333333,41.7370229,-99.5873816
davelikesfish,"""Do not believe"" reassurances on coronavirus coming from the Trump administration. https://t.co/ZfD3FdP92N via @HuffPostPol",0.0,39.729432,-104.8319196
BeingErn,"tRump thinks last year's flu vaccine will ""cure"" the coronavirus. Stupid effer.",-0.39999999999999997,45.709097,-68.8590201
TimosaurusR,The CDC's page regarding the Coronavirus doesn't exactly inspire hope... https://t.co/rLVC4LiySO,0.25,42.5195292,-70.8967226
PosseList,The race to curb the spread of the new coronavirus could be thwarted by Americans fearful of big medical bills if t‚Ä¶ https://t.co/qkK9LvTMc5,-0.19090909090909092,38.8948932,-77.0365529
iveygirl08,Read Walmart's memo to employees about coronavirus https://t.co/Ss78PwYiO8,0.0,35.6729639,-79.0392919
wespearsnewsome,@AngryBlackLady It must be distinguished from the short story coronavirus.,0.0,35.7883046,-78.7811964
nethead,"Skepticism the new coronavirus isn‚Äôt worse than a seasonal flu? 
And other viruses this Century haven‚Äôt turn out ‚Äús‚Ä¶ https://t.co/4cpnvNcRDf",-0.12954545454545455,38.8948932,-77.0365529
TommyBaas,"@ESAD1637 I'm imagining it very vividly.

Now imagine thinking anyone is actually proposing open borders, and then‚Ä¶ https://t.co/NH3ikKVWN8",0.05416666666666667,43.0349931,-87.922497
lukwam,"""Armory Show Addresses Coronavirus Concerns Ahead of Fair Next Week: Safety Remains a ‚ÄòTop Priority‚Äô"" https://t.co/v8yPs5LbzW",0.39999999999999997,42.3875968,-71.0994968
OldStateOfMind,Thread by @eugenegu: The coronavirus is an enveloped virus‚Äîmeaning it has an outer membrane made of oil and fat tha‚Ä¶ https://t.co/n7x8PdWEV7,0.0,35.7730076,-86.2820081
TJCinRaleigh,"@DrDenaGrayson CDC will no longer report how many people are being tested for #coronavirus.

https://t.co/yzqgF7X1mf",0.5,35.7803977,-78.6390989
bkocinski,"@gsaleguy @theedge60 @CANCEL_SAM Between 12,000 and 62,000 us citizens die of the flu each year. 5 have died of cor‚Ä¶ https://t.co/9hVvazvaMn",0.0,39.100105,-94.5781416
JoshPaciorek,".@WSJM: ""@Repfredupton, Problem Solvers Caucus Call For Quick Action On Coronavirus"" https://t.co/UYG6GZzu0K #MI06",0.21666666666666667,38.8948932,-77.0365529
DrumpfsLies,Should anyone in the world be surprised at the ignorance and down right lies ‚Å¶@realDonaldTrump‚Å© ‚Å¶@GOP‚Å© have said ab‚Ä¶ https://t.co/sDcCdhuC4o,0.0767195767195767,36.7014631,-118.7559974
c0up,Would like a #CurbYourEnthusiasm x #Coronavirus arc for next season,0.0,40.7127281,-74.0060152
IronStarRosse,@atrupar He's been criticized for not being ready for the coronavirus &amp; sets up a faux conference to pretend he's m‚Ä¶ https://t.co/sOE9gEqHuz,0.2,36.7014631,-118.7559974
MedfordNYPatch,"Also: Rare snowy owl spotted / Coronavirus cancels school trip / Woman killed helping others / Child, 11, dies ice-‚Ä¶ https://t.co/v9ToFUknT4",0.04999999999999999,40.82268285,-72.98880837119901
PatchoguePatch,"Also: Rare snowy owl spotted / Coronavirus cancels school trip / Woman killed helping others / Child, 11, dies ice-‚Ä¶ https://t.co/ZBDzvsHBld",0.04999999999999999,40.7656539,-73.0151084
IkyTech,Worried about coronavirus? Stop touching your face. https://t.co/yxwv4pcY7o via @mashable,0.5,40.0024435,-105.10957997730037
Nibus_,@elonmusk Yo elon any plans for coronavirus,0.0,40.6501038,-73.9495823
LianyLaFlaca,So with this coronavirus can we still eat chinese food?,0.0,28.5421109,-81.3790304
HaroldEarls,Prayers to our firefighters and police officers on the frontlines in Washington state in fighting the coronavirus!‚Ä¶ https://t.co/xTqATGJrSk,0.0,38.8948932,-77.0365529
CocoaDeer,"Bruh. This is why I‚Äôm voting for Bernie tomorrow. Sorry for sudden political post. But bruh. 

https://t.co/6V7zwKFp0M",-0.16666666666666666,35.4729886,-97.5170536
CDefeyo,@realDonaldTrump You forgot to mention the coronavirus pandemic that is not going well because you got rid of the p‚Ä¶ https://t.co/94Uy8TkI9X,0.0,43.0481221,-76.1474244
HEKsROCKS101091,"Coronavirus Outbreak Will Lead To More Drug Shortages In The U.S., Including Antibiotics - Forbes https://t.co/CPbeChcDIX",0.5,40.7127281,-74.0060152
matt0999,Left Exploits HIV Tragedy To Claim Mike Pence Can't Manage Coronavirus https://t.co/eRU6HJY1HC,0.0,39.7837304,-100.4458825
deathitself,"If you are one of the people who thinks drinking bleach can cure Corona Virus, please don't reproduce. üôèüèøüôèüèø
#CoronaVirus #Idiots",-0.8,41.8755616,-87.6244212
tmelhornwrite,"#NewsDayMonday
What the New Coronavirus Means for Publishing https://t.co/sgFx5btXrw via @publisherswkly",0.13636363636363635,40.0198335,-75.3046299
NEWZFOX,"No coronavirus cases in Alaska, but the virus is expected to spread into the state soon, officials say https://t.co/qaqfvGxkmI",-0.1,20.3536224,100.0812531
Rose52413,https://t.co/W5HsYVEBxn @realdonaldtrump IS  A LAUGHABLE CLOWN. HES A PATHOLOGICAL LYING BIGOTED. HES LOSING TOO EV‚Ä¶ https://t.co/vlvRwNIiUI,-0.5,38.8948932,-77.0365529
TroyKinsey,#Coronavirus hits #Florida: a woman with a suspected case of the virus tells a Miami TV station the state's Departm‚Ä¶ https://t.co/3fwG8I9GNX,0.0,30.4380832,-84.2809332
vitaliyk,Very good lecture on coronavirus https://t.co/J2JqOYG1vL,0.9099999999999999,39.7348381,-104.9653271
Tiparsa,I swear if the girl i like has the coronavirus im gonna lose it,0.0,39.977818,-74.3319287
CaptDPC,The updated daily information on Coronavirus. https://t.co/gT0pQa6cbe,0.0,36.7014631,-118.7559974
DoomCrewDrake,@DevinCow Maybe they should put him on the Coronavirus task force. That‚Äôs what they seem to do with politicians wit‚Ä¶ https://t.co/Jb2xIZWgqk,0.0,38.8948932,-77.0365529
MyOpinion0319,@TrickyRickDaddy @JackPosobiec @willchamberlain This coronavirus spreads to the lungs so people are most likely get‚Ä¶ https://t.co/97R1jItQ6a,0.25,41.2020171,-77.2644152
kolanutree4880,Coronavirus in Florida: What‚Äôs next? https://t.co/cBG7sTUrcl,0.0,39.7837304,-100.4458825
davelikesfish,Task force health expert contradicts Trump about coronavirus vaccine timing https://t.co/tXWff8oulP via @flipboard,0.0,39.729432,-104.8319196
myfirstlove85,@cnni The NYC ER doctor states that he has to call and plead to test people for coronavirus. He appears mad at CDC.‚Ä¶ https://t.co/E8C7E6DghV,-0.625,36.7014631,-118.7559974
thehill,New York insurers ordered to to waive costs associated with coronavirus testing https://t.co/yWc3ogK1KY https://t.co/kaTFwHKV5B,0.13636363636363635,38.8948932,-77.0365529
RodneyJ52901873,"@msnbc @cnn wow you really think Americans are stupid, don't you? This president saved millions from getting corona‚Ä¶ https://t.co/yUKRvVxUAV",-0.16666666666666663,37.5726028,-85.1551411
weareiowa5news,Pence tells governors money for coronavirus costs is coming https://t.co/8929A74tmI,0.0,41.5645337,-93.7595281
TvInternet2,Twitter asks employees to work from home due to coronavirus¬†threat https://t.co/sZcGFuzvZG https://t.co/9dkQQzSIJA,-0.125,40.0796606,-89.4337288
Frederic_Brunel,"Harvard expert: 40 to 70% of world population could get infected. #coronavirus #covid19 

https://t.co/4QOXBf4bnJ",0.0,42.3602534,-71.0582912
BravesBeck,@Dodgers_Blues Narrator: ‚Äúand then he contracted the strongest case of coronavirus seen in the U.S.‚Äù,0.0,32.3293809,-83.1137366
booiespot,How to protect yourself against coronavirus. https://t.co/1eflWzUUqm,0.0,-24.7761086,134.755
JESSEDIEBOLT,UPDATE: @Anand_Murthy is truly shook by Coronavirus.,0.0,35.2270869,-80.8431268
garryburry,"Nobody foresaw the coronavirus outbreak, but a solid financial plan assumes market downturns will happen. https://t.co/qJiY4nU4pT",0.0,38.2542376,-85.759407
AcceBusiness,Alibaba‚Äôs new AI system can detect coronavirus in seconds with 96% accuracy#auspol  https://t.co/9vWlKIzqDg,0.13636363636363635,-24.7761086,134.755
RickThomasNet,The CDC decided to not use WHO tests and instead developed a more complicated test that detects similar viruses too‚Ä¶ https://t.co/bkcCnJ8wGR,0.024999999999999994,39.7837304,-100.4458825
christinayiotis,"""Twitter has told its employees to work from home to help stop the spread of the coronavirus.""‚Ä¶ https://t.co/UTbHyckMna",0.0,39.7837304,-100.4458825
SandraNavidi,I fear that #Trump may instrumentalize #coronavirus &amp; try to suspend the elections by declaring a national emergenc‚Ä¶ https://t.co/7cqOcmhnAB,0.0,40.7127281,-74.0060152
Gumbumper,Coronavirus evacuees passed through California military base. Did safety plan break¬†down? https://t.co/sRuSR7I7RU https://t.co/WNZC7PGEpp,-0.35185185185185186,41.8755616,-87.6244212
lillys_news,"Rush Limbaugh: Sanders, Dems pose greater threat to U.S. than coronavirus",0.5,39.7837304,-100.4458825
CHItraders,"China Warns Of Looming ""Locust Invasion"" As #Coronavirus Outbreak Fades https://t.co/dB4v9IMeat",0.0,41.8755616,-87.6244212
JuliaFello,"#repost @cnn
Inspired by drive-thru‚Äôs, #SouthKorea health officials are testing a new way to test for the novel‚Ä¶ https://t.co/ALNQJY2QFK",0.13636363636363635,43.0349931,-87.922497
austinragle,If coronavirus comes to Kentucky Calipari will make tht mf a first round draft pick,0.024999999999999994,43.0161693,-83.6900211
Cara_TXZEAL,@turnbolt11 @BabeReflex_8 @moneypenny_2020 @aHEMandias @RadChick4Cast @RMachArts @g_easton819 @sc_lorraine‚Ä¶ https://t.co/nxJzGWlRJl,0.0,31.8160381,-99.5120986
ReticentQT,"Saw this on Reddit. If you know who originally tweeted it, please tag them. #Corvid19 #coronavirus #reddit‚Ä¶ https://t.co/c6iPOrOiNC",0.375,39.7837304,-100.4458825
guardia72014383,"Watch @AgendaFreeTV's broadcast: Coronavirus Outbreak: 90,923 Cases - LIVE BREAKING NEWS VIRUS COVERAGE

https://t.co/GrohXtmDyi",0.13636363636363635,44.8877401,-94.3697057
Loredanaxoxoxo,Bruh I‚Äôm dead. Tinder wants us to protect ourselves from the Coronavirus üò≠ https://t.co/35dHw3CnCc,0.0,27.7703796,-82.6695085
rhreid,For the latest on the #USMilitary‚Äôs response to #Coronavirus visit https://t.co/gwrApH1zeB https://t.co/FuK1AUpWnA,0.5,38.8948932,-77.0365529
coach_masse,"Could homelessness be to blame for rapid coronavirus spread in Washington state: Seattle radio host

https://t.co/kEVo2lsLMl",0.0,41.78126995,-72.53062934076323
twinfleaks,currently being held hostage by coronavirus &lt;3 like i leave my house anyway,0.0,45.4972159,-73.6103642
peacelily1121,"Test all patients with pneumonia across the board first.

Coronavirus deaths rise to six in Seattle area as U.S. pu‚Ä¶ https://t.co/AJjJsLze4a",0.25,39.7837304,-100.4458825
marinemilspouse,"To anyone who wonders why Sanders supporters can sometimes be rude. 

We‚Äôve been called:

‚úÖBros 
‚úÖNazis
‚úÖCommies
‚úÖT‚Ä¶ https://t.co/QnHi1CWxfH",-0.3,39.7837304,-100.4458825
BeastyBeaz,Idk who needs to hear this but if the flu wont kill ya neither will the coronavirus so shut the fuck up and just wash ur hands u nasty fucks,-0.7,39.7837304,-100.4458825
nyherald,"Stay defensive or at least in the #coronavirusus portfolio, the bad news isn't yet priced in https://t.co/IFjHywT1xh",-0.4999999999999999,40.7127281,-74.0060152
Philips_247,"$NVAX well..I can stay in until June. That's not that bad. 
https://t.co/FZCUJbUnrw

https://t.co/PzrFgTjfKG https://t.co/qjxj24lKWo",-0.6999999999999998,27.9477595,-82.458444
mshivangi_90,"It will spread more vigilantly in coming months, as per told by a Harvard professor of Epidemiology.‚Ä¶ https://t.co/2MmPFoeBrL",0.5,40.7127281,-74.0060152
defeatthelies,"It makes absolutely no sense that @realDonaldTrump chose Mike Pence to head up the Coronavirus team, when he could‚Ä¶ https://t.co/QRIVuaRlmb",-0.1,26.640628,-81.8723084
yieldguy,‚ÄòA national scandal‚Äô: NY doctor crushes Trump administration for being way behind on coronavirus preparation | Raw‚Ä¶ https://t.co/a0kRwmxocQ,-0.4,42.3602534,-71.0582912
CallumParry1,@realoverheardla Just think going back a couple of months ago Corona was just either a light beer or a city along t‚Ä¶ https://t.co/XTyQXvhgkp,0.2,51.464752700000005,-0.6519419295253869
mintandthrift,Literally the whole world looking for coronavirus cures: https://t.co/i9ud64fc0t,0.2,40.7127281,-74.0060152
decapriogaetano,The coronavirus mystery: Doctors are baffled by children's 'immunity' https://t.co/IqPqi40jus via @MailOnline,0.0,43.653963,-79.387207
WKBN,State health dept. routinely updating Ohioans on any confirmed COVID-19 cases online https://t.co/QDeowZLF3E https://t.co/KpuOrvOtij,0.4,41.1035786,-80.6520161
CGCPC_CPA,What companies are disclosing about coronavirus risks https://t.co/v60ERgMUaG https://t.co/h2ml1pffi4,0.0,40.5249235,-75.2875280647195
ajmlucy,"@MollyJongFast They‚Äôre going to use the coronavirus to weed out the elderly, the sick, and the poor. It‚Äôs like a di‚Ä¶ https://t.co/G7r57e0VCp",-0.5571428571428572,43.0278747,-81.2648475
HeroinVerbal,The CDC says the coronavirus is likely to spread in the U.S. Here‚Äôs what to know. - Apple News Spotlight ‚Å¶‚Ä¶ https://t.co/E0CKsZovC6,0.0,42.3315509,-83.0466403
joemurph,The rest of the world surpasses China in a grim statistic: coronavirus deaths per day https://t.co/Ew12HHwCUi,-1.0,40.7127281,-74.0060152
ZyroFoxtrot,"China Warns Of Looming ‚ÄúLocust Invasion‚Äù As Coronavirus Outbreak Fades

https://t.co/p07UebJHv8",0.0,31.8160381,-99.5120986
debmorello,It‚Äôs a disgrace. #coronavirus https://t.co/N8U9ja3dUp,0.0,39.7837304,-100.4458825
MSymone_,why are y‚Äôall so pressed that people are concerned about contracting the coronavirus.. it may not be deadly but a v‚Ä¶ https://t.co/kVmMERlAvO,-0.2,34.6850749,-82.8364111
ProfJulieHill,China orders disinfection of banknotes in coronavirus fight: report | Article [AMP] | Reuters https://t.co/7zF7XNVO29,0.0,33.2095614,-87.5675258
mariliacout,"3. All this because I was thinking about coronavirus, transmission control of a zoonotic disease, the courage and g‚Ä¶ https://t.co/BfSCD47F3q",0.0,35.4729886,-97.5170536
TyWisco,Brothers can high key contract a severe case of coronavirus and it would benefit the world,0.08,42.976453,-88.1090391
timnaumetz,"@cbc promo for @CBCTheNational #coronavirus  ""on the rise in Canada"" #reality 27 confirmed cases in #canada today 4‚Ä¶ https://t.co/Fn0b5RnZeU",0.4,45.421106,-75.690308
memeorandum,"Major airlines, U.S. officials clash over passenger tracking related to coronavirus cases (Washington Post)‚Ä¶ https://t.co/DfGXkaBf4K",0.03125,39.7837304,-100.4458825
HomerJarvis8,Medical Professor Praises Trump Admin for Coronavirus Response: 'I've Never Seen One Handled Better' https://t.co/1yjBUJdZGn,0.25,40.2253569,-82.6881395
RosieEmery,Outrageous! #DougFord‚Äôs sick day policy is dangerous as #coronavirus looms https://t.co/UQX6ibPiZj via @torontostar #Ontario #Health,-0.7714285714285715,45.421106,-75.690308
IAMChrisEdward,@byte_of I have a feeling as coronavirus effects more and more places and people are straddled with insane medical‚Ä¶ https://t.co/OrjnaaM3JN,0.0,39.7837304,-100.4458825
FilhaDeDiamante,"( I am not having a good time, between coronavirus and my father who's disappeared, I am literally living a nightma‚Ä¶ https://t.co/owu8pCGsbl",0.7,33.7490987,-84.3901849
1Dittlinger,"Fact-checking #coronavirus claims on severity, fatalities, hand sanitizers and more https://t.co/pIHTd01hIw via @wbir",0.5,39.7837304,-100.4458825
evankirstel,#Alibaba says new #AI can identify #coronavirus infections with 96% accuracy - New algorithm can complete disease r‚Ä¶ https://t.co/Go7LXPzj3O,0.12424242424242422,42.3602534,-71.0582912
MatthewATice,If any of these things cross your mind about how you'll deal with the impacts of coronavirus take a second to consi‚Ä¶ https://t.co/yj8B7hH6pM,0.0,39.9527237,-75.1635262
laura_kane,"he National Association of Insurance Commissioners (NAIC) has a resource page to support the public, business commu‚Ä¶ https://t.co/gXVzaXI6dy",0.0,40.7896239,-73.9598939
JCSura,The markets charge back to life‚Äîwith a little help from the Fed https://t.co/0OFaiEAq0I https://t.co/vpF2LJK1cf,-0.09375,13.6989939,-89.1914249
RickSmithShow,@Rick_Neal Rick Neal:  The coronavirus will be widespread &amp; it's especially important for working people to try to‚Ä¶ https://t.co/0z8xYPwILW,0.8,40.2663107,-76.8861122
biorxivpreprint,"An ultrasensitive, rapid, and portable coronavirus SARS-CoV-2 sequence detection method based on CRISPR-Cas12‚Ä¶ https://t.co/6Fdi0WjUdB",0.0,40.7127281,-74.0060152
USA4DJT,@AGWilliamBarr @realSwtTexan Mini Mike demonstrates how to spread the #coronavirus! CDC warns:  #WashYourHands üßº,0.0,39.7837304,-100.4458825
44Swed,"New York Post : Ex-CDC head Tom Frieden says kids may be secret coronavirus carriers.
https://t.co/CtIwuuQi0X

via @GoogleNews",-0.13181818181818183,35.0841034,-106.6509851
RadioBlackOn,The markets charge back to life‚Äîwith a little help from the Fed https://t.co/oxG3EQ8bB2 https://t.co/6pC30oaSXX,-0.09375,39.7683331,-86.1583502
NZStuffBusiness,China's coronavirus shutdown takes its toll on New Zealand exporters https://t.co/bNmYTOFEXO,0.13636363636363635,-41.5000831,172.8344077
wonderfullyedi,@BakesRoula @ABC7 @united each airline has been showing its true colors by how they handle the coronavirus...now i know who not to fly,0.575,36.7014631,-118.7559974
KCRG,Eastern Iowa Airport says no travel impacts from coronavirus yet https://t.co/dySpzYp8z6,0.0,41.9758872,-91.6704053
WWLP22News,First presumptive case of coronavirus confirmed in Massachusetts https://t.co/pLVaTUesrY,0.325,42.1487043,-72.6078672
7675376666rhon,@realTuckFrumper Also evidently tries to say it will cure coronavirus.Saw it on,-0.1,61.0666922,-107.9917071
CDNnow,Vice President Mike Pence and #Coronavirus Response Coordinator Ambassador Deborah Birx update the media and the na‚Ä¶ https://t.co/m8iSjikAY2,0.0,39.7837304,-100.4458825
YrOnlyHope,How he will simply fire all dissenters and ensure that the entire administration around him is set to just serve hi‚Ä¶ https://t.co/1AdhwIA3iB,0.0,40.6501038,-73.9495823
BENJAMINARMANI,Coronavirus deaths in US rise to six: Live updates https://t.co/qITl8Rsdts via @welcome2qatar,0.13636363636363635,43.653963,-79.387207
StevenW85101413,"@DFire45 If I had signs of coronavirus...

 I'd like to shake hands with him...
then sneeze in his faceüòú",0.0,43.9792797,-120.737257
alezandinni,Flippin N95 masks on eBay for $30 a pop??ü§£ Coronavirus = Profit,0.0,39.7837304,-100.4458825
jake_osterman,You‚Äôre telling me this guy has nothing to do with the coronavirus... https://t.co/5B7sXDaP6Z,0.0,41.7370229,-99.5873816
jsamodra,"@KemenkesRI @BPJSKesehatanRI Oh My God. Didn't expect it to blow up. 

Just for clarification, 

1. I used the simp‚Ä¶ https://t.co/4BKpwUVFun",0.0,42.4184296,-71.1061639
COVlDI9,"BREAKING: Massachusetts health officials announce new presumptive positive case of #coronavirus 

https://t.co/ywzMqDSuCw",0.18181818181818182,39.7837304,-100.4458825
rich11300,"U.S. Coronavirus Death Toll Climbs to Six as Virus Spreads World-Wide, Politicians need to stop sugar coating this‚Ä¶ https://t.co/4FngoOLec9",0.0,25.7929198,-80.1353006
AGoodCougAlways,"@realDonaldTrump @CDCgov @IvankaTrump @DonaldJTrumpJr @GOP Hey Fat Boy Donnie Trump  - Coronavirus ""It's JUST the f‚Ä¶ https://t.co/lOCiRxk2CV",0.0,38.8948932,-77.0365529
limelifeghuru,This CoronaVirus foreal? ü§® see this why I only fuck with Dos Equis,-0.2,31.8160381,-99.5120986
Michell82968785,"Trump‚Äôs chaotic pandemic response illustrates why being president is about much more than performance art, using a‚Ä¶ https://t.co/EMkgBQibGu",0.5,39.7837304,-100.4458825
jaymesmedia,"Like that moment you have kids, happy accident. #photography #coronavirus https://t.co/k0UQTpjnGg",0.8,42.3315509,-83.0466403
e_russell,Three potential coronavirus outbreak endgames  https://t.co/Zsbsv2RHIr,0.0,4.282340550000001,-74.17580398219907
SammySettanni,Bubonic plague was so deadly an English village quarantined itself to save others https://t.co/iSqWgAWIXD,0.0,43.411391,-106.280075
MyBeachChair,"Hillsborough coronavirus patient flew through Tampa International Airport, officials say https://t.co/1VJVJaCwbj",0.0,27.7567667,-81.4639835
JediMaster941,Are you actually worried about catching Coronavirus?,0.3,38.6529545,-90.24111656024635
BeachCity55,"FACT:
More Americans have died from knowing Hillary Clinton than from the Coronavirus.",0.5,27.7567667,-81.4639835
Manafhasan,"McMaster student in self-isolation, awaiting results of coronavirus test https://t.co/5RUIF5b4UO",0.0,43.447436,-79.666672
404hdtv,"Here's some clear, factual information on #COVID19 from Harvard Health. Low anxiety article, zero hype. I found it‚Ä¶ https://t.co/IYACUBGXEv",0.05000000000000001,39.7837304,-100.4458825
Tkarera,"#Coronavirusfears prompt empty shelves as #Canadians follow health minister‚Äôs advice to stock up | 
Customers took‚Ä¶ https://t.co/prMcBAgUFN",-0.1,51.0000002,-109.0000002
BobPort,"I‚Äôd go further. I think all ObamaCare insurers, nationwide, should be required to administer CoronaVirus testing, a‚Ä¶ https://t.co/yJf0QcHLlj",0.0,42.7337712,-84.5553805
margodunlap,"Millennials: can‚Äôt wait for all the boomers to die off so we can socialism in peace 
Coronavirus: okay 
Millennials‚Ä¶ https://t.co/s8jPHgtEva",0.5,42.3750997,-71.1056157
phat7deuce,@StuartHultgren You now have Coronavirus.  And maybe Syphilis.,0.0,27.7703796,-82.6695085
TomthunkitsMind,"INFECTIOUS DISEASE EXPERT &amp; EPIDEMIOLOGIST-IN-CHIEF SAYS WE CAN USE THE FLU VACCINE TO FIGHT THE  #CORONAVIRUS

Med‚Ä¶ https://t.co/Oh2uUIcWxL",0.0,33.7490987,-84.3901849
DJBettencourt,"‚ÄúThe most important message we can get out is that the state is prepared,‚Äù said @GovChrisSununu. ‚ÄúWe don‚Äôt know how‚Ä¶ https://t.co/sKSVTC3TWw",0.45,42.7884226,-71.2008933
livingvalley1,@MysterySolvent Worse than Coronavirus.,-0.4,39.7837304,-100.4458825
The_News_DIVA,"Coronavirus may infect up to 70% of world's population, expert warns https://t.co/CLUJwNPXFm",0.0,41.2083836,-73.8901688
imsoulrebel,"@LiberTbyrd People around the world commonly get infected with human coronaviruses 229E, NL63, OC43, and HKU1.
Some‚Ä¶ https://t.co/7JI6BgT3of",-0.15,38.6529545,-90.24111656024635
agoofymoofy,"coronavirus is in manhattan, where i intern, as if being chinese in america doesn‚Äôt suck enough",0.0,49.21230655,-2.1255999596428845
WuDatWuz,"With only three official cases, Africa's low coronavirus rate puzzles health experts      https://t.co/7ZtQ1TJgBc",0.0,40.6501038,-73.9495823
timvandenack,"Risk currently low, but county health departments are working with Utah schools to be ready when the coronavirus ar‚Ä¶ https://t.co/s5AUraBlvg",0.1,41.2230048,-111.9738429
search4swag,"@KimShoeCrzy
CBS Dallas / Fort Worth: 5 Dallas Officers Given Day Off After Arresting Man With ‚ÄòPossible Case Of CO‚Ä¶ https://t.co/SwPj3g0iVu",0.15,38.744707,-90.3038975
MsAJBossypants,Might I suggest ‚ÄúNot Getting Coronavirus Today?‚Äù https://t.co/sjKghX3lYY,0.0,40.0796606,-89.4337288
wcnc,This interactive map shows all reported coronavirus cases in the world https://t.co/ViJ1FO52v3,0.0,35.2270869,-80.8431268
MantaHealthcare,Vice President Pence says just one American with coronavirus still in hospital https://t.co/UDxdpg3iYm https://t.co/IX15VpHVsn,0.0,40.3270127,-86.1746933
kc5fm,"Pandemic Preparedness from @ChristEmNetwork #teamJesus #coronavirus #COVID19 

https://t.co/R4ERk6er4G https://t.co/hWGJxm9gCE",0.0,36.8823649,-97.0536785
badseedbook,"When is @realDonaldTrump going to throw the #Pencedemic under the bus?

#CPAC2020
#TrumpVirus
#CoronaVirusUpdates‚Ä¶ https://t.co/meSGUFyUoC",0.0,40.7127281,-74.0060152
JCSura,"Coronavirus updates: Deaths pass 3,000, half of infected now recovered - CNET https://t.co/lJndyI4AZr https://t.co/Bo3J6rHilD",-0.16666666666666666,13.6989939,-89.1914249
YellowDogJeff1,"There are now 102 cases of coronavirus in the US

https://t.co/JdtwT8p7ct",0.0,33.6874388,-80.4363743
bellemordenohot,How to avoid germs on the subway as coronavirus hits NYC https://t.co/Vf9LyT2lh8 via @nypost,0.0,40.7127281,-74.0060152
EcoInternetDrGB,#Trump meets with #coronavirus task force and pharma execs as death toll increases in U.S.: YouTube‚Ä¶ https://t.co/5YtlBvfrkq,0.0,40.7127281,-74.0060152
ManchesterNews8,New Hampshire reports first positive coronavirus test result https://t.co/leHw0NCLsz #newhampshire,0.20454545454545456,42.9956397,-71.4547891
AtlantaNewsHeds,Atlanta (GA) CBS46: Delta Air Lines to waive change fees due to coronavirus,-0.125,39.7837304,-100.4458825
LakeviewJulie,Quarantines for Coronavirus: Not in My Backyard https://t.co/lhCimDnEPh #COVID-19 #coronavirus #infectiousdiseases‚Ä¶ https://t.co/4myng275wF,0.0,41.8755616,-87.6244212
disabledsenior,The US has reported 6 coronavirus deaths among nearly 100 cases. Here's what we know about the US patients. - https://t.co/HTpPjt1oB5,0.1,44.4308975,-89.6884637
jcheethamwriter,"#Atlanta #Georgia
News coming...
#coronavirus https://t.co/30PcX4ZDck",0.0,61.0666922,-107.9917071
Debster2017,Calls Grow to Quarantine Senator Chris Murphy after Secret Meeting with Coronavirus Carriers from Iranian Regime‚Ä¶ https://t.co/5dQjToxjqf,-0.4,35.8789231,-97.4252772
AustraliaPM,'Strange and foreign' coronavirus powers activated to forcibly detain Australians : #auspol #australiapm https://t.co/nx1dwuXz1Q,0.10833333333333334,-24.7761086,134.755
votejoemchugh,#coronavirus thread ^,0.0,43.0161693,-83.6900211
ReallyKW,"@FrantzRadio Screaming on Hanity and freaking out about the Coronavirus. 
He is such an attention pig.",0.0,35.2048883,-92.4479108
theycuniversity,First case of coronavirus confirmed in New¬†Jersey https://t.co/rzvFfeSkJ0,0.26212121212121214,39.9527237,-75.1635262
tim_noonan,"@SaraEisen catching up on my DVR‚Äôd @CNBCFastMoney episode, which always includes the last few moments of‚Ä¶ https://t.co/L1vUQ6Y0P9",0.13333333333333333,38.6529545,-90.24111656024635
H1Brooklyn,Y‚Äôall scared of Coronavirus but y‚Äôall out here having unprotected Sex erry weekend..#OhOk!,0.0,31.8160381,-99.5120986
jeffschlegel,"Good to see more resources, but an ‚Äúemergency declaration‚Äù is much more limited than a ‚Äúmajor disaster‚Äù declaration‚Ä¶ https://t.co/e4lHKKEAaw",0.3382142857142857,40.7127281,-74.0060152
EUZellyy,Coronavirus has been on high alert &amp; Tik Tok will always encourage users to practice body health maintenance daily.‚Ä¶ https://t.co/n0eVnUxqjM,0.16,39.7837304,-100.4458825
auDASSH,"""Inadequate management of the COVID-19 crisis has the potential to translate into negative perceptions affecting no‚Ä¶ https://t.co/ws2zbYDkVO",-0.15,-24.7761086,134.755
DonJPump,"If you are one of those awful people that sleep with no sheets on your mattress, you are contributing to the spread of coronavirus.",-1.0,40.2899154,-86.058442
SunnySmarty,@C_GraceT This killed me long before Coronavirus ever could.,-0.125,43.6447642,-114.0154071
bajakevin,@frankdpi @MysterySolvent I find it remarkable that trump is letting S Korea show him up when it comes to testing f‚Ä¶ https://t.co/8ssNgLcJBz,0.75,31.8160381,-99.5120986
petersonwhill,Warren‚Äôs the best candidate in the race. There‚Äôs no doubt. She has a more comprehensive plan to fight Coronavirus t‚Ä¶ https://t.co/QLtvuV1fm2,0.75,33.7490987,-84.3901849
shehzadhqazi,Joined @AmandaLang on @BNNBloomberg today to discuss why #Chinese firms are having a tough time resuming operations‚Ä¶ https://t.co/JbpEHJgcPp,-0.19444444444444445,40.7127281,-74.0060152
RayJPolitics2,"Coronavirus has been spread faster by the FAKE NEWS media than it spread on its own. Meanwhile 34,000 Americans die‚Ä¶ https://t.co/TbhXQtZ1tj",0.04999999999999999,28.5421109,-81.3790304
PhillyDailyNews,Daily News |  Sixers hold meeting to discuss coronavirus and its prevention https://t.co/4CS6jJ2qgT,0.0,39.9527237,-75.1635262
phillysport,Sixers hold meeting to discuss coronavirus and its prevention https://t.co/cxl7XPmYeA,0.0,39.9527237,-75.1635262
edodonnell8,@realDonaldTrump So  how many LIES  did you feed them .. six people dead in United States from the coronavirus reme‚Ä¶ https://t.co/jdWCFpvXe6,0.15,34.0218833,-118.28586726915088
TJCinRaleigh,"BREAKING NEWS:
CDC WILL NO LONGER REPORT HOW MANY PEOPLE HAVE BEEN TESTED FOR #COVID„Éº19
The coverup up continues.‚Ä¶ https://t.co/pCMStZiq5q",0.5,35.7803977,-78.6390989
Trillary_Banks,"I got a bionic immune system. No allergies, never had the flu, barely even get a cold. I‚Äôm just never sick. 

But d‚Ä¶ https://t.co/yS2loN28tF",-0.06428571428571427,36.1622296,-86.7743531
margreis9,"On coronavirus, Trump needs the ones he hates: Experts and journalists https://t.co/R8lQQ0jQHY",0.0,39.9067499,-76.7008946
ShereeSwanson,"@Selena_Adera He's so...red.

Seems to be a respiratory thing and I hope he doesn't get near anyone with the corona‚Ä¶ https://t.co/28S8DSzTh0",0.1,39.7573207,-89.6536926
IEN3,"@brokemycoccyx The Coronavirus has probably made it here to Athens, GA. #GoDawgs",0.0,50.7356621,14.4825306
PoetTonyMedina,Amy Klobuchar said it is time for Americans to join hands. This during the coronavirus pandemic. üò≥üò≥ü•¥,0.0,43.2294536,-73.4471343
AgendaFreeTV,"Coronavirus Outbreak: 90,923 Cases - LIVE BREAKING NEWS VIRUS COVERAGE https://t.co/UDTS8Vgscc",0.13636363636363635,33.7490987,-84.3901849
BigNewq,I eat at wayyy too many buffets to contract the Coronavirus #immune,0.5,38.8339578,-104.8253485
TsalagiOK,More schools are closing because of coronavirus. Will that be the norm? https://t.co/Uw0OUx0fvE via @nbcnews,0.5,35.9075052,-94.970879
ReporterJenna,"Gov. Baker On Coronavirus In MA: On Italy, Facts And Quarantine https://t.co/HbXlviGvgj",0.0,42.3401702,-71.167045
HaleyWSYX6,"At 10 on @fox28columbus:

We have team coverage tonight of #coronavirus - I spoke to local couples, travel agents m‚Ä¶ https://t.co/aGe0XREfPi",0.0,39.9622601,-83.0007065
IvanGarciaMayer,"Coronavirus Briefing: What Happened Today
#coronavirus #COVID_2019 #CoronaOutbreak
https://t.co/UyVG0UOUGx",0.0,-6.8699697,-75.0458515
CountyVentura,"Current Status of 2019 Novel Coronavirus in #VenturaCounty  https://t.co/v5DPYkgfsB 5 persons tested, 0 confirmed c‚Ä¶ https://t.co/GKG9sxKLHG",0.2,36.7014631,-118.7559974
hardiedavis,"(2) Earlier today, I met with state and local public health and emergency management partners to plan and prepare i‚Ä¶ https://t.co/qDu9sFNATH",0.0,33.4709714,-81.9748429
EcoInternetDrGB,"#Coronavirus spreading fast outside China, airports to increase screenings: Reuters https://t.co/SXaaihR2gr

More w‚Ä¶ https://t.co/LxftuALuJK",0.2333333333333333,40.7127281,-74.0060152
arelisrhdz,Maps show where the coronavirus has spread - The Washington Post https://t.co/tGHHBjavp3,0.0,31.8160381,-99.5120986
nzheraldbiz,Airways' interim profit up but warns coronavirus will hit full year #HeralPremium https://t.co/AtGCbPbPlX,0.35,-41.5000831,172.8344077
PakistaniPepper,"I just saw people make the argument that the coronavirus is  not something to be too worried about because ""it's on‚Ä¶ https://t.co/Nxrw5MMOiY",0.0,40.5834557,-74.1496048
ThisHandlesALie,San Antonio is probably also the worst to have this coronavirus issue occur. We created our own gas shortage scare.,-0.2,31.8160381,-99.5120986
hay_simmons,"@ClayTravis I am truly outraged and deeply affected by this. First coronavirus, now this??? So far 2020 really blows.",-0.07,36.1622296,-86.7743531
PLine2019,Coronavirus Has a Silver Lining (John Hinderaker) | https://t.co/BndEbQcH9X,0.0,39.7837304,-100.4458825
deanfred,"Rushed tweet, fixed:

Same principle as not testing for the Coronavirus. Can't find anything if you dont test.",0.05,33.7584217,-84.3516074
KTownStriders,"What is more dangerous right now to your health?

#WendysBreakfast #WendysBreakfastBattle 

or

 #CoronaVirusUpdate‚Ä¶ https://t.co/To18q52kYh",0.06190476190476191,38.7747251,-77.1350325
DavidMaxwell161,S.Korea Coronavirus Outrage Triggers 1.4 Million-Strong Impeachment Vote https://t.co/OV9ZajgED2,0.0,39.7837304,-100.4458825
nikki_miumiu,"Discrimination is so happening, even in the fridgeü§£ü§£

@CoronaBeers 
#Coronavirus https://t.co/YPvGAODiEW",0.0,39.7837304,-100.4458825
CityofMiramar,The City of Miramar wants all of our residents and neighboring Cities to stay safe and prepared by practicing every‚Ä¶ https://t.co/FaEJodfW2U,0.35,25.98685245,-80.30137373344384
mintgrape327,"When #coronavirus comes to your state
https://t.co/hsZ46hkv2o",0.0,39.7837304,-100.4458825
JohnPietroboner,@_kingmuh_ And somehow straight men can‚Äôt wash their butthole still. I‚Äôm tired. We deserved the coronavirus,-0.1,39.9527237,-75.1635262
The_News_DIVA,How to avoid germs on the subway as coronavirus hits NYC  https://t.co/kzfnviZweU,0.0,41.2083836,-73.8901688
DeeSeeMe,"@thomaschattwill What an assemble of health experts........
Coronavirus wins!!!",0.5859375,33.7490987,-84.3901849
broganisrael,Wendy‚Äôs breakfast can prevent coronavirus,0.0,40.7896239,-73.9598939
evelyn_alane,Coronavirus concerns: 100+ cleaning products that may actually fight COVID-19 | https://t.co/l4SNXIau4o https://t.co/wadKVS8vyr,0.0,32.3293809,-83.1137366
jetjackson20,"Coronavirus Australia: New virus case confirmed in Toowong, Brisbane https://t.co/SqWFcTB4a0",0.2681818181818182,-24.7761086,134.755
PulpNews,Nursing homes could face 'wildfire' spread of coronavirus - Mar 2 @ 9:47 PM ET https://t.co/SYSBz013MT,0.0,39.7837304,-100.4458825
stridewallops,"Free tests = socialism, which, as everyone knows, is worse than the coronavirus. ü§¶üèæ‚Äç‚ôÄÔ∏è https://t.co/n0cUw09W9Q",0.0,43.653963,-79.387207
dee73bee,With his arms folded indignently.  This guy is so stupid it hurts üôÑ#coronavirus https://t.co/50kP0S4SxF,-0.7999999999999999,39.7837304,-100.4458825
lonestarebel,HBO‚Äôs John Oliver Spends 18x More Airtime Trashing Trump than China for Coronavirus Outbreak https://t.co/Chw1OHJPMn via @BreitbartNews,0.5,31.8160381,-99.5120986
SerDeeOmar1,"Expanding Bioweapon, Coronavirus, is there a Washington State Connection https://t.co/veiQ5oSZhY via @YouTube",0.0,39.7837304,-100.4458825
theycuniversity,"+ + BREAKING NEWS: First case of coronavirus confirmed in Massachusetts, 'others' exposed https://t.co/PCWniYfYSy",0.325,39.9527237,-75.1635262
sevbirdwell,if u have coronavirus plz cough in my mouth,0.0,38.8948932,-77.0365529
ycbreaking,"+ + BREAKING NEWS: First case of coronavirus confirmed in Massachusetts, 'others' exposed https://t.co/uxCmPkmslS",0.325,51.0000002,-109.0000002
IsraelNewsLinks,"As Libs Smear Pence on Coronavirus, Trump Critic Dr. Drew Steps In &amp; Corrects the Record https://t.co/UkTHDbwTnm vi‚Ä¶ https://t.co/PyLKyyLEvt",0.0,39.7837304,-100.4458825
Shermanifesto,On a mission to be the first at UNL to get coronavirus just for the clout,0.25,40.8088861,-96.7077751
botoxandboba,Turn me on with your coronavirus disaster preparedness kits https://t.co/LbAieAvRJH,0.0,36.7014631,-118.7559974
MickeyZhivago,@JohnBrennan John O. Brennan endorsing Joe Biden is like syphilis endorsing the coronavirus.,0.0,39.7837304,-100.4458825
NZStuff,Coronavirus: Airbnb owner asked to 'isolate' two people in Picton https://t.co/WFdf0CE4OA,0.0,-41.5000831,172.8344077
omgconcert,"+ + BREAKING NEWS: First case of coronavirus confirmed in Massachusetts, 'others' exposed https://t.co/n0osJvKcDB",0.325,39.9527237,-75.1635262
news10nbc,State Senate approves bill to appropriate funds for addressing coronavirus https://t.co/PT8bgLolpj,0.5,43.157285,-77.615214
EcoInternetDrGB,"Did President #Trump Refer to the #Coronavirus as a 'Hoax'?: Snopes https://t.co/YtOgyOTBMk

More w/ RSS: https://t.co/antmkmwzhJ",0.5,40.7127281,-74.0060152
ycnewsnetwork,"+ + BREAKING NEWS: First case of coronavirus confirmed in Massachusetts, 'others' exposed https://t.co/AyBLxFVD6b",0.325,51.0000002,-109.0000002
sopnyc,@COVID19Update @Hamzash03783878 Black and Latino folks have being genocide and have being ethic cleaned out of thei‚Ä¶ https://t.co/kBCwHcZv2S,-0.16666666666666666,40.7127281,-74.0060152
realtalktruthD,Coronavirus: Trump defends holding rallies during outbreak wth !?!?  https://t.co/97Pz7GPZPv,0.0,38.7604815,-92.5617875
SageSapien,@limbaugh @TuckerCarlson @seanhannity Coronavirus: something to think about. Trump has the advantage of living insi‚Ä¶ https://t.co/KcbE4dIKZI,0.0,33.7490987,-84.3901849
Hephaestus7,Weekly Round up : March Madness - UK Human Rights Blog https://t.co/27IcnR3BAA,-0.1,61.0666922,-107.9917071
deelotweets,@ItsmeEddieC I didn't much care about coronavirus but I'm probably gonna have nightmares about duck hepatitis now...thx,0.2,40.8088861,-96.7077751
boopstawista,@eva_friederike The boys should be reading tweets like this.....and NOT tweets about the Coronavirus https://t.co/1DVWNG40X4,0.0,40.7127281,-74.0060152
Pamela_Pikachu,Covid19 Update... #Covid19 #CoronaVirus #CoVid2 #GlennBeck #healthandsafety https://t.co/my8rogMwKL,0.0,41.5244919,-86.2733398
retirednanny,@GMA @DrJAshton I have Immune Deficiency Disease. What is the death rate (%) of the subgroup coronavirus patients w‚Ä¶ https://t.co/ra1sVzua70,0.0,28.851817150000002,-81.71085533823347
NEWZFOX,https://t.co/HHGtKFSkD5 Coronavirus: Zimbabwe businesses count cost of economic impact,0.2,20.3536224,100.0812531
jerees,"Hey @CNNCenter, we‚Äôve got @CNN covering the coronavirus and the importance of washing hands, but the bathrooms in C‚Ä¶ https://t.co/2MBoM5e2YV",0.0,33.4473361,-84.1468616
MichaelShindler,"""Yeah, coronavirus is cool, but maybe the real virus is Leo Strauss.""",0.275,38.8948932,-77.0365529
svinnie_,i can't wait to see if i find out there's a coronavirus case in georgia by my employer or by twitter first,0.25,10.7500084,-75.0000086
edodonnell8,@realDonaldTrump So many LIES .. Remember a couple days ago you said don't worry about the coronavirus ?  six peopl‚Ä¶ https://t.co/NwthOf4sJF,0.5,34.0218833,-118.28586726915088
hacarter44,"An Obama Holdover in an Obscure Government Arm Helped Cause the Country‚Äôs Coronavirus Crisis | Frontpage Mag
 ‚ÄúThe‚Ä¶ https://t.co/kfdvAJJY7C",0.0,39.7837304,-100.4458825
The_News_DIVA,New York Gov. Cuomo says community transmission of coronavirus is ‚Äòinevitable‚Äô after confirming state‚Äôs first case https://t.co/0GthRPmrdG,0.12878787878787878,41.2083836,-73.8901688
ShamonPR,COVID-19 has shown workplace discrimination regarding emlpoyees who are NOT allowed to work from home. #coronavirus #remoteworking,0.0,42.2964859,-71.2925571
alliejolley,This coronavirus is seriously getting out of control,-0.3333333333333333,34.0709576,-84.2747329
Summerca,Yet another liar regarding the seriousness of the #coronavirus. If anything happens to you or your family from thei‚Ä¶ https://t.co/3T6HYusHlc,0.0,36.7014631,-118.7559974
TonyRenner,"@fairchild01 @thespybrief ""Source familiar with Coronavirus response said scientists &amp; experts at Trump's meeting w‚Ä¶ https://t.co/fLrhKQQkSQ",0.375,38.6529545,-90.24111656024635
JeanneStumbaugh,Friend pooh-poohed media coverage on the Coronavirus.  Telling everybody not to be sheeple cuz even tho there's no‚Ä¶ https://t.co/p0rJEtunZ3,0.0,39.7348381,-104.9653271
kremlinkowboy,The Center for Communicable Disease Dynamics estimates that between forty per cent and seventy per cent of the worl‚Ä¶ https://t.co/UjjuEXzwCr,-0.1,39.7837304,-100.4458825
CaptDPC,"https://t.co/tWb7mGKsu2
Do you want the facts? Check this site.",0.0,36.7014631,-118.7559974
DucVegso,"African countries are at severe risk if outbreaks aren't detected early and contained, says Africa CDC head
https://t.co/pbbzOszV6T",0.05,45.5372581,-73.9043321
margreis9,How to build public trust in the face of coronavirus https://t.co/6hY4m6oNmF,0.0,39.9067499,-76.7008946
jennyncolor,@realDonaldTrump Please address this crisis!! Look at how awful the USA looks transporting #coronavirus patients co‚Ä¶ https://t.co/KLOpd2v7eo,-1.0,36.0625843,-94.1574328
alaskaneagle59,"They say ""you don't need a mask for the COVID 19 unless you're sick"".  But also say ""showing no symptoms can pass t‚Ä¶ https://t.co/gKmhMtnJr7",-0.7142857142857143,64.4459613,-149.680909
Rod_Boston,"Whatever ends up happening with coronavirus, it‚Äôs gonna be a great year for canceling plans #CoronaOutbreak",0.8,42.3602534,-71.0582912
SgtTim911,This may indicate DHS needs to immediately train state &amp; large local trainers of 1st responders on how to deal with‚Ä¶ https://t.co/9gEvMD0B1j,0.10714285714285714,19.5584043,-99.0277414
RoBeck1963,@gtconway3d Hopefully no one at those rallies have the Coronavirus,0.0,43.6447642,-114.0154071
TheLastO_G_,CORONAVIRUS just go away.,0.0,27.7567667,-81.4639835
nations_2,"@OneClassyLady7 @RepSwalwell By the way, here‚Äôs a quote POTUS‚Äôs Son said last week. 0f course PENCE DEFENDED IT. Th‚Ä¶ https://t.co/mJHMPDRkE8",0.0,39.7837304,-100.4458825
Glorystar7777,Haitian Rhum plus pure organic black pepper mixed together might just eradicate that coronavirus. Try itüí≠‚òÆÔ∏èüôèüèΩ,0.015873015873015872,33.3870578,-84.2829784
RussellWayneEv1,"@enriri Dr Li Wenliang, who was hailed a hero for raising the alarm about the coronavirus in the early days of the‚Ä¶ https://t.co/TtEwVfbn1r",0.1,35.7730076,-86.2820081
